{
    "name": "datalakeSink",
    "properties": {
        "linkedServiceName": {
            "referenceName": "AzureDataLakeStorage1",
            "type": "LinkedServiceReference"
        },
        "parameters": {
            "folderName": {
                "type": "string"
            },
            "fileName": {
                "type": "string"
            }
        },
        "annotations": [],
        "type": "DelimitedText",
        "typeProperties": {
            "location": {
                "type": "AzureBlobFSLocation",
                "fileName": {
                    "value": "@dataset().fileName",
                    "type": "Expression"
                },
                "folderPath": {
                    "value": "@dataset().folderName",
                    "type": "Expression"
                },
                "fileSystem": "bronze"
            },
            "columnDelimiter": ",",
            "escapeChar": "\\",
            "firstRowAsHeader": true,
            "quoteChar": "\""
        },
        "schema": []
    },
    "type": "Microsoft.DataFactory/factories/datasets"
}