{
    "name": "github_data",
    "properties": {
        "linkedServiceName": {
            "referenceName": "github",
            "type": "LinkedServiceReference"
        },
        "parameters": {
            "fileName": {
                "type": "string"
            }
        },
        "annotations": [],
        "type": "DelimitedText",
        "typeProperties": {
            "location": {
                "type": "HttpServerLocation",
                "relativeUrl": {
                    "value": "anshlambagit/Netflix_Azure_Data_Engineering_Project/refs/heads/main/RawData_AND_Notebooks/@{dataset().fileName}",
                    "type": "Expression"
                }
            },
            "columnDelimiter": ",",
            "escapeChar": "\\",
            "firstRowAsHeader": true,
            "quoteChar": "\""
        },
        "schema": []
    },
    "type": "Microsoft.DataFactory/factories/datasets"
}