{
    "name": "pipeline1",
    "properties": {
        "activities": [
            {
                "name": "ForEach1",
                "type": "ForEach",
                "dependsOn": [
                    {
                        "activity": "Validation_file",
                        "dependencyConditions": [
                            "Succeeded"
                        ]
                    }
                ],
                "userProperties": [],
                "typeProperties": {
                    "items": {
                        "value": "@pipeline().parameters.p_array",
                        "type": "Expression"
                    },
                    "activities": [
                        {
                            "name": "Copy data github",
                            "type": "Copy",
                            "dependsOn": [],
                            "policy": {
                                "timeout": "0.12:00:00",
                                "retry": 0,
                                "retryIntervalInSeconds": 30,
                                "secureOutput": false,
                                "secureInput": false
                            },
                            "userProperties": [],
                            "typeProperties": {
                                "source": {
                                    "type": "DelimitedTextSource",
                                    "storeSettings": {
                                        "type": "HttpReadSettings",
                                        "requestMethod": "GET"
                                    },
                                    "formatSettings": {
                                        "type": "DelimitedTextReadSettings"
                                    }
                                },
                                "sink": {
                                    "type": "DelimitedTextSink",
                                    "storeSettings": {
                                        "type": "AzureBlobFSWriteSettings"
                                    },
                                    "formatSettings": {
                                        "type": "DelimitedTextWriteSettings",
                                        "quoteAllText": true,
                                        "fileExtension": ".txt"
                                    }
                                },
                                "enableStaging": false,
                                "translator": {
                                    "type": "TabularTranslator",
                                    "typeConversion": true,
                                    "typeConversionSettings": {
                                        "allowDataTruncation": true,
                                        "treatBooleanAsNumber": false
                                    }
                                }
                            },
                            "inputs": [
                                {
                                    "referenceName": "github_data",
                                    "type": "DatasetReference",
                                    "parameters": {
                                        "fileName": {
                                            "value": "@item().fileName",
                                            "type": "Expression"
                                        }
                                    }
                                }
                            ],
                            "outputs": [
                                {
                                    "referenceName": "datalakeSink",
                                    "type": "DatasetReference",
                                    "parameters": {
                                        "folderName": {
                                            "value": "@item().folderName",
                                            "type": "Expression"
                                        },
                                        "fileName": {
                                            "value": "@item().fileName",
                                            "type": "Expression"
                                        }
                                    }
                                }
                            ]
                        }
                    ]
                }
            },
            {
                "name": "Validation_file",
                "type": "Validation",
                "dependsOn": [
                    {
                        "activity": "Set variable1",
                        "dependencyConditions": [
                            "Succeeded"
                        ]
                    }
                ],
                "userProperties": [],
                "typeProperties": {
                    "dataset": {
                        "referenceName": "Dsvalidation",
                        "type": "DatasetReference"
                    },
                    "timeout": "0.12:00:00",
                    "sleep": 10
                }
            },
            {
                "name": "githubMetadeta",
                "type": "WebActivity",
                "dependsOn": [],
                "policy": {
                    "timeout": "0.12:00:00",
                    "retry": 0,
                    "retryIntervalInSeconds": 30,
                    "secureOutput": false,
                    "secureInput": false
                },
                "userProperties": [],
                "typeProperties": {
                    "method": "GET",
                    "url": "https://github.com/anshlambagit/Netflix_Azure_Data_Engineering_Project/tree/main/RawData_AND_Notebooks"
                }
            },
            {
                "name": "Set variable1",
                "type": "SetVariable",
                "dependsOn": [
                    {
                        "activity": "githubMetadeta",
                        "dependencyConditions": [
                            "Succeeded"
                        ]
                    }
                ],
                "policy": {
                    "secureOutput": false,
                    "secureInput": false
                },
                "userProperties": [],
                "typeProperties": {
                    "variableName": "gitHubMetdata",
                    "value": {
                        "value": "@string(activity('githubMetadeta').output)",
                        "type": "Expression"
                    }
                }
            }
        ],
        "parameters": {
            "p_array": {
                "type": "array",
                "defaultValue": [
                    {
                        "folderName": "netflix_cast",
                        "fileName": "netflix_cast.csv"
                    },
                    {
                        "folderName": "netflix_category",
                        "fileName": "netflix_category.csv"
                    },
                    {
                        "folderName": "netflix_countries",
                        "fileName": "netflix_countries.csv"
                    },
                    {
                        "folderName": "netflix_directors",
                        "fileName": "netflix_directors.csv"
                    }
                ]
            }
        },
        "variables": {
            "gitHubMetdata": {
                "type": "String"
            }
        },
        "annotations": [],
        "lastPublishTime": "2025-03-14T01:03:19Z"
    },
    "type": "Microsoft.DataFactory/factories/pipelines"
}