{
    "now": "2025-03-15T22:29:07.347Z",
    "perfNow": 34118.5,
    "diagnosticCorrelation": "13354bb1-f4ac-4716-be40-a1712a1cdff6",
    "source": "DownloadSupportFiles",
    "environment": {
        "productName": "adf",
        "buildVersion": "1.0.022725.8",
        "environmentType": 3,
        "resourceName": "netflix-ddl-adf",
        "resourceRegion": "eastus",
        "resourceGroup": "RG-NetflixProject",
        "subscriptionId": "1ae2a60b-ac65-415d-a09b-724ea8dbf878",
        "sessionId": "1YYB4oO2BvcNC5MeSk9mDu",
        "operationId": "",
        "gitType": "live",
        "loggingKey": "136a4168-bc7e-4db7-9790-9cec3d6f91a9"
    },
    "additionalInfo": {
        "selectedResource": "pipeline1",
        "selectedResourceType": "pipeline"
    }
}